course_id,course_title,course_description,skills_tagged
C1052,Introduction to Python for Data Science,Learn basic Python syntax variables loops and foundational data analysis packages,Python|Data Analysis|Data Structures
C1842,Advanced Machine Learning and Deep Systems,Dive deep into neural networks backpropagation gradient descent and structural architectures,Machine Learning|Deep Learning|Neural Networks
C1120,Big Data Fundamentals and Architecture,Master processing frameworks for massive datasets using distributed systems and clusters,Apache Spark|Big Data|Distributed Systems
C2001,Introduction to Relational Databases and SQL,Understand relational schemas entity integrity and write advanced aggregate queries,SQL|Databases|MySQL
C1340,Cloud Computing Infrastructure and AWS,Deploy scalable applications design virtual machines and manage cloud store networks,Cloud Computing|AWS|DevOps
C1099,Java Software Engineering Foundations,Core object-oriented programming paradigms exception handling and basic software patterns,Java|Object-Oriented Programming|Data Structures
C1625,NoSQL Databases and Distributed Storage,Explore document stores key-value pairs and scalability metrics across sharded environments,NoSQL Databases|MongoDB|Distributed Systems
C1105,Data Structures and Algorithmic Analysis,Analyze asymptotic complexity implement trees graphs and sorting mechanisms efficiently,Data Structures|Algorithms|Python
C2180,Natural Language Processing with Transformers,Build sequence-to-sequence models text classification and utilize pretrained large language encoders,NLP|Transformers|Deep Learning
C1433,Data Pipeline Engineering and ETL,Design high-throughput ingestion pipelines track data lineage and build robust warehouses,Data Pipelines|ETL|Data Engineering
C1890,Statistical Inference and Data Modeling,Master regression analysis hypothesis testing confidence intervals and probability distributions,Statistics|Data Modeling|R
C1112,Full-Stack Web Development Frameworks,Build responsive frontend interfaces and integrate backend RESTful microservices smoothly,JavaScript|React|Node.js
C2045,Containerization with Docker and Kubernetes,Orchestrate microservices scale containers and automate deployment workflows securely,Docker|Kubernetes|DevOps
C1560,Linux System Administration and Scripting,Manage user permissions shell scripts automation crontabs and server network tuning,Linux|Shell Scripting|System Administration
C1210,Data Visualization with Tableau and PowerBI,Transform raw database records into interactive dashboards and clear executive reports,Data Visualization|Tableau|Business Intelligence
C1750,Introduction to Computer Networks,Understand OSI layers TCP IP protocols routing algorithms and secure socket layers,Computer Networks|TCP/IP|Security
C1932,Cybersecurity Defensive Mechanisms,Identify network vulnerabilities encrypt sensitive profiles and deploy robust firewalls,Cybersecurity|Cryptography|Network Security
C1022,Principles of Modern Operating Systems,Study process scheduling memory allocation deadlocks and file system abstractions,Operating Systems|C|System Programming
C1190,Introduction to R for Statistical Computing,Perform exploratory data analysis clean dirty datasets and plot high-quality figures,R|Data Analysis|Statistics
C1855,Time Series Analysis and Forecasting,Model sequential data dependencies evaluate ARIMA frameworks and handle seasonal shifts,Time Series|Forecasting|Statistics
C2100,Reinforcement Learning Agents,Train autonomous agents using Q-learning policy gradients and reward function shaping,Reinforcement Learning|AI|Python
C1670,Graph Neural Networks for Heterogeneous Structures,Learn node embeddings metapath propagation and representation models over rich graphs,Graph Neural Networks|HIN|Machine Learning
C1045,Software Testing and Quality Assurance,Write unit tests automate continuous integration and measure comprehensive code coverage,Software Testing|CI/CD|Agile
C1001,Front-End UI Design Principles,Master responsive layouts user experience mappings and accessibility code standards,UI/UX|HTML5|CSS3
C1002,Introduction to C++ Programming,Understand pointers low-level memory tracking compilation processes and standard template libraries,C++|Programming|Low-level
C1003,Mobile Application Design for Android,Build native mobile clients handle lifecycle hooks and persistent local storage,Android|Java|Mobile Development
C1004,Agile Software Project Management,Implement Scrum routines track velocity sprint plannings and team velocity metrics,Agile|Project Management|Scrum
C1005,Mathematical Foundations for Computer Science,Study linear algebra vector spaces matrix transformations and discrete set theories,Linear Algebra|Mathematics|Discrete Math
C1006,Discrete Mathematics and Logic,Analyze propositional statements proof techniques graph theories and combinatorics models,Discrete Math|Logic|Graph Theory
C1007,Parallel Programming Architectures,Utilize CUDA threads openMP directives and parallelize massive numerical matrices,Parallel Computing|CUDA|C++
C1008,Distributed Systems Reliability,Handle consensus protocols Paxos Raft replication models and network partition recovery,Distributed Systems|Consensus|Raft
C1009,Compiler Design and Lexical Analysis,Build tokenizers parsers abstract syntax trees and intermediate machine codes,Compilers|Java|Parsing
C1010,Computer Graphics and Rendering Engines,Implement ray tracing fragment shaders OpenGL matrices and 3D geometric meshes,Computer Graphics|OpenGL|3D
C1011,Human-Computer Interaction Frameworks,Evaluate interactive prototypes cognitive loads user studies and quantitative design heuristics,HCI|User Studies|Design
C1012,Information Retrieval Systems Optimization,Build inverted indices calculate tf-idf metrics and optimize ranking search evaluation,Information Retrieval|Search Engines|Lucene
C1013,Data Warehousing Tools and Analytics,Design star schemas extract transactional records and load dimension reporting matrices,Data Warehousing|SQL|ETL
C1014,Embedded Systems Microcontrollers,Program hardware sensors real-time interrupt registers and low-power processing codes,Embedded Systems|C|Hardware
C1015,Digital Signal Processing Algorithms,Apply Fourier transforms filter electronic noise and discretize continuous signal waves,DSP|MATLAB|Signal Processing
C1016,Artificial Intelligence Search Tactics,Implement heuristic search A-star optimization constraint satisfaction and minimax game trees,AI|Heuristics|Python
C1017,Computer Architecture and Design,Understand instruction pipelines cache coherence memory hierarchies and assembly operations,Computer Architecture|Assembly|Hardware
C1018,Cryptography Concepts and Standards,Learn public key infrastructures RSA tokens AES block ciphers and digital signatures,Cryptography|Security|Mathematics
C1019,Blockchain Ledger Infrastructures,Build smart contracts validate transactions understand proof of work and consensus layers,Blockchain|Solidity|Distributed Systems
C1020,Introduction to Data Science Workflow,Scrape raw web entities clean records fit baselines and report analytical metrics,Data Science|Python|Data Analysis
C1021,Object-Oriented Design and Patterns,Master SOLID guidelines factory singletons builder structures and reusable system codes,Design Patterns|Java|Software Architecture
C1023,Introduction to Git Version Control,Manage branches resolve merge conflicts sign commits and track software history,Git|DevOps|Collaboration
C1024,RESTful API Architecture and Modeling,Design clean endpoint patterns handle JSON payloads and enforce oauth protections,API Design|Backend|JSON
C1025,Microservices Architecture Deployment,Decouple monolithic software configure service meshes and deploy distributed api routers,Microservices|Cloud Architecture|DevOps
C1026,Business Intelligence and Reporting Data,Synthesize enterprise data build executive summaries and track corporate growth indicators,Business Intelligence|SQL|Data Analysis
C1027,Data Cleansing Techniques and Automation,Detect outlier entries impute missing fields normalize distributions via automated scripts,Data Preprocessing|Python|Pandas
C1028,Exploratory Data Analysis Best Practices,Generate statistical plots uncover hidden correlations and profile dataset structural elements,Data Science|Data Analysis|Seaborn
C1029,Regression Analysis and Modeling,Fit ordinary least squares evaluate residual errors and handle multicollinearity problems,Statistics|Data Modeling|Regression
C1030,Classification Algorithms and Models,Train logistic classifiers support vector networks random forests and evaluate precision,Machine Learning|Classification|Scikit-learn
C1031,Clustering Techniques and Segmentation,Implement K-means hierarchical agglomeration density clustering and compute silhouette profiles,Machine Learning|Clustering|Unsupervised Learning
C1032,Dimensionality Reduction Methods,Apply principal component analysis t-SNE metrics and contract feature space scales,Machine Learning|PCA|Feature Engineering
C1033,Feature Engineering for Machine Learning,Encode categorical variables scale numerical columns and synthesize high-impact predictive indicators,Feature Engineering|Data Preprocessing|Machine Learning
C1034,Model Evaluation and Hyperparameter Tuning,Apply grid search cross-validation strategies measure ROC curves and optimize parameters,Machine Learning|Model Evaluation|Python
C1035,Introduction to Deep Learning Toolkits,Build basic feedforward layers define activation gates using modern deep libraries,Deep Learning|TensorFlow|PyTorch
C1036,Convolutional Neural Networks for Vision,Train image feature extractors stack pooling operations and handle visual classifications,Computer Vision|Deep Learning|CNN
C1037,Recurrent Networks for Sequential Streams,Implement LSTM blocks gated recurrent structures and model temporal data pathways,Deep Learning|RNN|LSTM
C1038,Generative Adversarial Frameworks,Train generator discriminator networks synthesize photorealistic samples and map latent spaces,Deep Learning|GAN|Generative AI
C1039,Introduction to Transformers and Multi-head Attention,Study self-attention layers positional encodings and modern transformer sequence architectures,Deep Learning|Transformers|Attention Mechanism
C1040,Computer Vision Feature Extraction,Detect edge boundaries compute scale-invariant features and classify object bounding frames,Computer Vision|OpenCV|Image Processing
C1041,Text Mining and Sentiment Analysis,Tokenize raw sentences remove stop words extract features and score emotional polarities,NLP|Text Mining|Python
C1042,Speech Recognition Architectures,Process acoustic waveforms convert audio signals to spectral steps and map syllables,Speech Recognition|Audio Processing|Deep Learning
C1043,Recommendation Systems Paradigms,Implement user collaborative filtering content similarity matching and singular value matrix splits,Recommender Systems|Collaborative Filtering|Matrix Factorization
C1044,DevOps Automated Tooling and Pipeline,Build continuous evaluation loops script jenkins files and optimize release cycles,DevOps|CI/CD|Automation
C1046,Agile Scrum Master Certifications,Guide cross-functional teams manage product backlogs remove impediments and facilitate reviews,Scrum|Agile|Project Management
C1047,Product Management for Technology Services,Define market requirements track user metrics design roadmaps and coordinate engineering,Product Management|Agile|Business Strategy
C1048,SQL Tuning and Performance Optimization,Optimize index definitions trace execution pathways rewrite nested query scripts for speed,SQL|Databases|Performance Tuning
C1049,NoSQL Document Storage Administration,Cluster server nodes monitor storage input output scale document collections seamlessly,NoSQL Databases|MongoDB|Database Administration
C1050,Graph Databases and Network Analysis,Store relational graphs query node paths via cypher and compute centrality scales,Graph Databases|Neo4j|Network Analysis
C1051,Relational Database Design and Modeling,Normalize tables enforce foreign key integrity and draw clean entity schemas,Databases|SQL|Database Design
C1053,Data Engineering Architecture at Scale,Combine streaming inputs batch systems storage lakes and modern querying infrastructure,Data Engineering|Distributed Systems|Architecture
C1054,Linux Server Hardening and Protocols,Secure shell access disable vulnerable network ports configure intrusion detection modules,Linux|Security|System Administration
C1055,AWS Cloud Architecture Specialization,Design multi-region failovers configure elastic load controllers and budget storage tiers,AWS|Cloud Computing|Cloud Architecture
C1056,Docker Container Optimization Guidelines,Minimize image layer sizes configure secure network bridges isolates runtime container namespaces,Docker|Containers|DevOps
C1057,Kubernetes Cluster Administration Protocols,Deploy master nodes scale worker pods handle routing policies and volume mountings,Kubernetes|DevOps|Cloud Computing
C1058,Java Performance Diagnostics and Tuning,Analyze garbage collector traces profile thread deadlocks optimize memory heap space allocations,Java|Performance Tuning|Software Engineering
C1059,Advanced Python Programming Concepts,Master decorator definitions generator expressions context tools and asynchronous coroutines,Python|Programming|Software Development
C1060,JavaScript Asynchronous Code Paradigms,Understand event loops execution promises async await statements and functional patterns,JavaScript|Programming|Web Development
C1061,React Frontend Engineering Systems,Build reusable components handle virtual dom trees pass global states via context,React|JavaScript|Web Development
C1062,Node.js Backend Framework Design,Build asynchronous server routes manage file systems integrate database network drivers,Node.js|JavaScript|Backend Development
C1063,HTML5 Semantic Structure Standards,Write valid document frameworks inject accessible data marks structure accessible view trees,HTML5|Web Development|UI/UX
C1064,CSS3 Modular Layout Systems,Design responsive grids flexbox components handle smooth transitions style modern web clients,CSS3|Web Development|UI/UX
C1065,UI/UX Prototype Design Toolkit,Construct wireframes model user persona flows test user interface high-fidelity components,UI/UX|Design|Product Management
C1066,Data Visualization with Python Toolkits,Plot data distributions draw heatmaps configure complex multi-axis figures programmatically,Data Visualization|Python|Matplotlib
C1067,Tableau Dashboard Customization Logic,Build advanced parameters combine segmented charts map geographical information system metrics,Tableau|Data Visualization|Business Intelligence
C1068,PowerBI Business Intelligence Systems,Write DAX equations model entity tables transform records via query editors,PowerBI|Data Visualization|Business Intelligence
C1069,Introduction to Statistics for Analytics,Compute variance standard deviations skewed indicators and interpret basic normal probabilities,Statistics|Data Analysis|Mathematics
C1070,R Programming for Data Analytics,Manage data frames parse character data compute statistical tests script automated evaluations,R|Data Analysis|Statistics
C1071,Linear Algebra for Machine Learning,Compute dot products understand matrix rank eigen decompositions and singular vector projections,Linear Algebra|Mathematics|Machine Learning
C1072,Multivariate Calculus for Optimizers,Calculate partial gradients directional vectors Jacobian matrices for deep model optimization,Calculus|Mathematics|Machine Learning
C1073,Probability Theory and Distribution Models,Model random parameters sample distributions understand central limit theorem mathematical bounds,Probability|Statistics|Mathematics
C1074,Introduction to Computer Vision Techniques,Apply filter kernels transform pixel matrices compute image histograms adjust brightness layers,Computer Vision|Image Processing|OpenCV
C1075,OpenCV Image Processing Scripts,Detect contours apply morphological operators match visual templates program software eye models,OpenCV|Computer Vision|Python
C1076,Natural Language Tokenization Workflows,Build lexical extractors handle regular expressions clean dirty text data corpora systematically,NLP|Text Preprocessing|Python
C1077,Information Extraction and Named Entities,Train sequence labelers identify corporate names locations date tokens inside text documents,NLP|Information Extraction|Machine Learning
C1078,Lucene Index Optimization and Mechanics,Structure multi-field document layouts configure segment merges tune term frequency boosting parameters,Information Retrieval|Lucene|Java
C1079,Search Engine Ranking Functions,Implement BM25 formulas compute language modeling metrics rank documentation outputs adaptively,Information Retrieval|Search Engines|Algorithms
C1080,Data Pipeline Automation with Airflow,Write directed acyclic graphs schedule daily etl steps handle task retry limits,Data Pipelines|Apache Airflow|DevOps
C1081,ETL Testing Strategies and Data Auditing,Verify record count invariants check null column constraints validate data format migrations,ETL|Data Quality|Software Testing
C1082,Data Quality Monitoring Invariants,Deploy automated dashboard alerts watch data schema drift capture empty record streams,Data Engineering|Data Quality|Automation
C1083,Continuous Integration Deployment Automation,Configure webhook triggers manage artifact file servers script shell installation steps,CI/CD|DevOps|Automation
C1084,Jenkins Pipeline Configuration Scripting,Write declarative script pipelines isolate environment variables track build execution nodes,Jenkins|CI/CD|DevOps
C1085,Git Workflow Models for Enterprise Development,Enforce git-flow strategies manage pull request code reviews tag release branches systematically,Git|Collaboration|Agile
C1086,JSON Data Parsing and Schema Validation,Define strict json schemas validate hierarchical payload tokens ensure data stream compatibility,JSON|Data Interchange|Backend Development
C1087,REST API Security and Authorization Protocols,Enforce oauth2 flows generate jwt authentication tokens rate limit inbound public connections,API Security|OAuth2|Cybersecurity
C1088,Cloud Security Architecture Best Practices,Manage identity access policies configure virtual private network security gates encrypt assets,Cloud Security|AWS|Cybersecurity
C1089,Data Warehousing Dimensional Modeling,Design slowly changing dimensions build consolidated fact frameworks separate business process entities,Data Warehousing|Database Design|ETL
C1090,Star Schema Query Tuning Guidelines,Optimize bitmap indices minimize massive join steps buffer intermediate aggregate tables,SQL|Databases|Performance Tuning
C1091,Apache Airflow Cluster Architecture,Scale celery execution workers monitor redis broker states track failed task signals,Apache Airflow|Distributed Systems|DevOps
C1092,Data Science Model Deployment Strategies,Containerize model parameters expose fastapi endpoints manage predictions batch pipelines,Data Science|Machine Learning|DevOps
C1093,FastAPI Framework for High-Speed Microservices,Build async endpoints document api calls via swagger handle high concurrent load,FastAPI|Python|Backend Development
C1094,Software Design Patterns for Scalability,Implement microservice event routers decoupling storage layers apply CQRS software patterns,Software Architecture|Design Patterns|Distributed Systems
C1095,Software System Metrics and Observability,Collect prometheus metrics plot grafana infrastructure dashboards monitor endpoint latency values,Observability|DevOps|System Administration
C1096,Prometheus Monitoring and Alerting Systems,Write metric scraping rules configure notification routers track high system CPU alerts,Monitoring|DevOps|Automation
C1097,Grafana Dashboard Interface Modeling,Connect data source systems overlay infrastructure state metrics build system operations monitors,Data Visualization|Monitoring|DevOps
C1098,Agile Team Velocity and Metrics Tracking,Measure burndown charts track ticket lifecycle steps optimize sprint capacity estimations,Agile|Project Management|Scrum
C1100,Advanced Data Modeling Frameworks,Design schema systems evaluate normal forms map non-relational nested entities correctly,Data Modeling|Databases|Database Design
C1101,C++ Standard Template Library Deep-Dive,Utilize standard vectors maps iterators analyze runtime constraints of algorithm modules,C++|Programming|Data Structures
C1102,Low-Level Hardware System Programming,Manage bitwise masks interface with input register gates handle real time constraints,System Programming|C|Hardware
C1103,Android Application Component Lifecycles,Manage activity state preservation bind background intent services route system resource notifications,Android|Mobile Development|Java
C1104,Scrum Product Backlog Grooming Methods,Prioritize user tickets refine user acceptance criterias estimate feature points collaboratively,Scrum|Agile|Project Management
C1106,CUDA Kernel Optimization Guidelines,Minimize memory latency optimize warp scheduling utilize shared block memory spaces,CUDA|Parallel Computing|GPU
C1107,OpenMP Multi-Core Parallelization Routines,Inject compiler pragmas manage thread private variables optimize parallel loop schedules,Parallel Computing|OpenMP|C++
C1108,Distributed Systems Consensus Protocols,Implement abstract state replication analyze two-phase commit limitations study network splits,Distributed Systems|Consensus|Algorithms
C1109,Raft Protocol Technical Specializations,Code leader election state machines append entries request validation routines explicitly,Raft|Consensus|Distributed Systems
C1110,Compiler Parser Tokenizer Implementations,Write regular grammar scripts build shift-reduce parser tables process programming code syntax,Compilers|Parsing|Computer Science
C1111,OpenGL Shader Language Fundamentals,Write vertex fragment script matrices render lighting properties map visual texture surfaces,OpenGL|Computer Graphics|3D
C1113,Heuristic Global Optimization Search Tactics,Implement simulated annealing evolutionary genetic structures escape local optima bounds smoothly,Optimization|Heuristics|Algorithms
C1114,Computer Instruction Pipeline Analysis,Calculate branch prediction hazards measure clock execution metrics model hardware units,Computer Architecture|Hardware|Assembly
C1115,Assembly Language Programming Specializations,Write x86 assembly scripts control cpu registers directly trace system stack execution,Assembly|System Programming|Hardware
C1116,Public Key Infrastructure Engineering Standards,Manage certificate authority structures sign key exchange tokens enforce transport layer protection,PKI|Cybersecurity|Cryptography
C1117,Advanced Cryptographic Algorithm Implementations,Code modular exponentiations handle elliptic curve mathematics verify hash chain blocks,Cryptography|Mathematics|Cybersecurity
C1118,Solidity Smart Contract Engineering,Write secure immutable logic track reentrancy flaws deploy transaction checking modules,Solidity|Blockchain|Software Security
C1119,Data Scraping and Extraction Architecture,Build asynchronous web crawlers handle tracking codes bypass ip access limitations smoothly,Data Engineering|Python|Web Scraping
C1121,Machine Learning Library Architecture Design,Structure object predictive modules write matrix execution graphs manage tensor memory limits,Machine Learning|Software Architecture|Python
C1122,SOLID Object-Oriented Development Patterns,Deconstruct tightly coupled systems declare interface abstractions enforce single responsibility principles,Design Patterns|Software Architecture|Java
C1123,Advanced Git Versioning and Rebase Tactics,Perform interactive rebase steps cherry-pick critical commits prune redundant branches cleanly,Git|DevOps|Collaboration
C1124,JSON Data Structure Standardization Schemas,Enforce hierarchical formatting validate datatype invariants map nested dictionary records cleanly,JSON|Data Interchange|Backend Development
C1125,OAuth2 Authorization Flow Specializations,Implement authorization code grants configure refresh token lifetimes secure authorization endpoints,OAuth2|API Security|Cybersecurity
C1126,Microservices Communication Design and Patterns,Configure gRPC protobuf channels apply event message streaming decouple service interdependencies,Microservices|Software Architecture|Distributed Systems
C1127,Enterprise Business Data Reporting Pipelines,Automate business metric compilation generate scheduling files send data updates programmatically,Business Intelligence|ETL|Data Analysis
C1128,Pandas Data Manipulation Specialization,Merge asymmetric data frames handle datetime index groupings utilize vector mapping functions,Pandas|Python|Data Preprocessing
C1129,Matplotlib Enterprise Visualizations Toolkit,Draw publication-quality graphs control figure typography layer multi-panel dataset comparisons,Matplotlib|Data Visualization|Python
C1130,Seaborn Statistical Data Plotting Systems,Render conditional facet grids plot regression confidence boundaries profile multi-variable correlations,Seaborn|Data Visualization|Data Science
C1131,Scikit-learn Model Training Workflows,Pipe transformation pipelines encode structural datasets select best predictive modeling baselines,Scikit-learn|Machine Learning|Python
C1132,Unsupervised Clustering Performance Evaluation,Compute adjusted rand scores track inertia metrics map cluster cohesion profiles,Machine Learning|Unsupervised Learning|Scikit-learn
C1133,Feature Engineering for Tabular Datasets,Create polynomial interaction metrics target encode categorical blocks handle skewed columns,Feature Engineering|Data Preprocessing|Data Science
C1134,Cross-Validation Strategy Model Evaluation,Design stratified K-fold partitions handle temporal ordering splits insulate leak channels,Model Evaluation|Machine Learning|Data Science
C1135,PyTorch Deep Learning Architectural Modeling,Build custom nn modules track calculation tensor variables control gradient update steps,PyTorch|Deep Learning|Python
C1136,TensorFlow Production System Integrations,Compile keras model files monitor computational graphs serialize tensor parameters efficiently,TensorFlow|Deep Learning|Python
C1137,Computer Vision Object Localization Pipelines,Train bounding box predictors implement intersection over union metrics parse visual scenes,Computer Vision|Deep Learning|CNN
C1138,LSTM Networks Sequence Modeling Architectures,Tune recurrent dropout rates handle long sequence memory dependencies map text outputs,Deep Learning|RNN|LSTM
C1139,Generative Adversarial Network Convergence Optimization,Balance generator training ratios apply spectral normalizations prevent structural mode collapse,Deep Learning|GAN|Generative AI
C1140,Self-Attention Layer Technical Deep-Dive,Calculate query key value matrix scaling optimize multi-head dimension concatenation operations,Deep Learning|Attention Mechanism|Transformers
C1141,Text Mining Corpora Processing Workflows,Build lemmatization engines extract high-frequency n-grams construct sparse document matrices,NLP|Text Mining|Python
C1142,Audio Processing and Feature Spectrograms,Compute mel-frequency cepstral coefficients handle acoustic noise extract wave audio elements,Audio Processing|DSP|Deep Learning
C1143,Matrix Factorization Engine Collaborative Filtering,Optimize regularized latent matrices run alternating least squares predict sparse rating spaces,Recommender Systems|Matrix Factorization|Collaborative Filtering
C1144,Continuous Delivery Deployment Automation Tooling,Configure automated test servers monitor artifact versions script server configuration codes,DevOps|CI/CD|Automation
C1145,Agile Scrum Sprint Capacity Optimization,Analyze historical team velocity adjust task point allocation refine sprint timelines,Scrum|Agile|Project Management
C1146,Technology Product Strategy and Lifecycle Analytics,Analyze user retention metrics define product market fits manage technical backlogs,Product Management|Business Strategy|Agile
C1147,SQL Execution Plan Analysis Guidelines,Identify table scan operations tune subquery performance configure partition indexing keys,SQL|Databases|Performance Tuning
C1148,MongoDB Storage Cluster Management Metrics,Configure replica sets track storage fragmentation handle high-volume write shardings,NoSQL Databases|MongoDB|Database Administration
C1149,Graph Database Centrality Routing Algorithms,Compute page-rank metrics query high-influence shortest paths via cypher graph syntax,Graph Databases|Neo4j|Network Analysis
C1150,Relational Schema Normalization Rules,Deconstruct tables into third normal form map clear candidate primary keys,Databases|SQL|Database Design
